0x151d30abfadab62bce50cd21dbb6210e18867b10,1000000000000000000
0xfe77ca8d506b24b13446d3640768c3edbf0bc449,560000000000000000000
0x4b907410860f89571ab1a7130259d3443fa077e1,340000000000000000000
0x9fd4d0de8a3a8a8f2ac003a5ece295ce9512d9c6,770000000000000000000
0x1cc082fbc2b3a9a6456c63fec13e739c7bebc1ee,560000000000000000000
0xb79a9423f50958d6094407c6ca9d49ab104e2ddc,180000000000000000000
0x1c9c77e3828df8628fd03717b3298de475ab0ac8,560000000000000000000
0x2fbc54888950d42196a74cc9516f4971fd0cc14c,395000000000000000000
0xb745a2bac46d68bdecd023c867773627d48fe1a1,450000000000000000000
0xb03898b698e83efed78acd1ee8d698dd5d30cb91,915000000000000000000
0xc3b094317fce7577f3945d86b620ac7a9dac2232,560000000000000000000
0xb03898b698e83efed78acd1ee8d698dd5d30cb91,6000000000000000000
0xd00b2d3554d93ead44bf9620fa3bba9fc58565f5,500000000000000000000
0xa95aaf9a761a0fb69014e3caacb4044b6b5200da,620000000000000000000
0x226eff1668ef1efdb99e272f02a0b70341367175,560000000000000000000
0xd00b2d3554d93ead44bf9620fa3bba9fc58565f5,5000000000000000000
0x32db57a0f495d57477241ab8a4a9c7e240e6264d,560000000000000000000
0xcdd7aac2cb094b0d7fdf65f95723f5cdaf99159f,560000000000000000000
0x5f4ced2b202636d1091ac50f754741351b0c708c,280000000000000000000
0xa259d5d62a5fe57c527ee30d4ff13762d0d18798,150000000000000000000
0xb53acf50d75cc2a8e5ffea0a09599ade81de11e7,780000000000000000000
0x87c1dd79107f8f3df27212115ef5cd55c6d29e6c,560000000000000000000
0x559433efec8b0183a2f33f3fa0d1144825162561,560000000000000000000
0x4f6c59e7384410d66f8d3c06ce90e5ca9fdcb0dd,560000000000000000000
0x1399c72e3d7795e4113fc6264adc9c8bf3114c4b,560000000000000000000
0x11f8b71d9682334521e810b138115b77a76e829a,834000000000000000000
0xeb4940dc7c8a0d97541fab1304cf7a2cfa6c1592,450000000000000000000
0x11f8b71d9682334521e810b138115b77a76e829a,1000000000000000000
0x5ec103db67ea6a0d3b48a64483d80b2c92e69273,500000000000000000000
0x5ec103db67ea6a0d3b48a64483d80b2c92e69273,5000000000000000000
0x4bd7fd8b7c9a32634d784bd7ce930684b9a91075,395000000000000000000
0x02f348411ff8cd59489327e889f425ab7b14e297,450000000000000000000
0x9be757a863779368c67b8aed1c59156d1d2d58d9,780000000000000000000
0xc846b7d5ad79060758f9ed2fe6ba5dd68d00c00f,225000000000000000000
0x273c053d956c56aad06d263459349fbc34388093,670000000000000000000
0x7dbc79242bda9ac786d023a1eff1f39f53b745e1,450000000000000000000
0x5fe3a75426360fe5f3332ff7172fb8063009c820,450000000000000000000
0x701cbf1d4d6033b0ad5be367b705dad09e0f5845,450000000000000000000
0xedb77f0ffd272a2480d0bf2dbf8c6ea7af0d17d3,395000000000000000000
0xa58031acd6b4159b5d0a7ab4590d2223c58e6ad4,560000000000000000000
0x837ed22ab0f364869ff72e750a55dda1e36c5f19,560000000000000000000
0x9e5bae849b7b05a78a3abddb02a9d33cb0d0883d,560000000000000000000
0xfcb42f537de2f0d26722c6ed0c02fa8b60039439,340000000000000000000
0x4aeb4149f5105252670b6abb217081f7ef028da9,560000000000000000000
0xf2f0280f89c7c3b644a464260674e3a4e8a461d8,500000000000000000000
0xf2f0280f89c7c3b644a464260674e3a4e8a461d8,5000000000000000000
0x21bb21da1afb0657b780ed61bcfc699ba941f194,450000000000000000000
0x891f158fb8cad6dda451471f549db3989b4f5151,340000000000000000000
0xaf0395771050dc50351731d26fdee56b9c9a87af,285000000000000000000
0xf87931e08f6bfcce5290bb39e410b4755e005de9,340000000000000000000
0xf3d0250f1e83ec7010ca132562d6dba0c713b441,395000000000000000000
0x08d7995bcd2ef201832b80a2c48ced5393237565,923000000000000000000
0xab8f356c7dbb35d911bb33adfb2358a71c484648,1210000000000000000000
0xcb2591befb4a62ebd02915101d36dbb240ca84e3,395000000000000000000
0xb03898b698e83efed78acd1ee8d698dd5d30cb91,89000000000000000000
0xb03898b698e83efed78acd1ee8d698dd5d30cb91,100000000000000000000
0x2d8a26760645d5940a9822b87367a12df64a16ba,340000000000000000000
0xce5bc690e2123e7812be100976a30bbe6ec36e18,395000000000000000000
0x0c0aa86fe26b34893b4ec5e0934ca7fb4c9290ef,450000000000000000000
0xa6825b43249e96ed5e11f7669a6ecf26b737b52a,825000000000000000000
0xd78a033041c302452e3fcce4bbc0d5c8969ffa82,825000000000000000000
0x6245a448a565727a83648d7f576dd5670daf0c81,340000000000000000000
0xda0b9f44a9b04b971dc53f5f2a19c42b632efa9e,395000000000000000000
0xcbc0d58633278570e93af10f3b766607eda6eec8,100000000000000000000
0xb8699dd1c9390d4b267b8be1e0563827aef624d5,450000000000000000000
0x6111cc8b85570acf8d54497908b0c01c58622180,560000000000000000000
0x51102db898838ac0b488e4fe1208525e1911d479,500000000000000000000
0x51102db898838ac0b488e4fe1208525e1911d479,335000000000000000000
0x9b720381a8b409f7bbbfa33f74048b601a67d6de,450000000000000000000
0x7b93db5c60cd0a352ea337ae8bb9655587e264c0,395000000000000000000
0x76079758866b4d2389f281e935d7f71a034102b1,395000000000000000000
0xfd9c3d0c1d4b622b0ff9c81a6d2449e5370b87b2,395000000000000000000
0xda06e027dc29db97538c538ef93556392871fcc5,450000000000000000000
0x3bc744d990a69728ffaf8f191ab610935a1dc3e7,450000000000000000000
0xfb567e298fbe5c97b0f155954bac19975c229aac,770000000000000000000
0xd2669011965df2aaba58bf032d9191eadbb68ab5,825000000000000000000
0x81d26bd1c64752b296b8294f047774ca492ed323,600000000000000000000
0x81d26bd1c64752b296b8294f047774ca492ed323,335000000000000000000
0x2c3ba2ce12ab2ad238e4f409d0535d4898551c79,1055000000000000000000
0x0c09d05c85c4d6ffa24cd003b6766b7760bed240,450000000000000000000
0xeb870949f832f92f8059ee2a49e40447e7c1d989,560000000000000000000
0x4d245368a44518a7bca69567b5f662fcc1934a64,560000000000000000000
0x19dcc157cb087098fa39a93bb2f0e48a95d68377,395000000000000000000
0x7b1a1f62001fc5417cbafd62847774d371af498d,395000000000000000000
0xb122a1fd1305ff14ac91cb94018d70c5a720bcf3,450000000000000000000
0xb9cfd435e924fc40e5022bc109a089fb239fed7b,340000000000000000000
0x9389625b361cf487f320d42bc81f069e46688dff,340000000000000000000
0x6ae2574aecc83b271ac8c455bb26131286383e67,560000000000000000000
0x51f7e053ec75e92841a8e32df2eac743aad7bd23,560000000000000000000
0x405a5edeb0a92e136b5d6db861ff4457a907fe92,560000000000000000000
0xb3e9ef5b0cd72b56e20210a9a7c83529b6c6fd37,560000000000000000000
0x31a0d83fe198b90666f2fe397db6fbdd60508fdf,450000000000000000000
0x0d84880e75f025790449d681bbcbadd2bc014b50,450000000000000000000
0xd5b1f5acdbb270f15008788178c60b5303ed9197,450000000000000000000
0x210caf629c1316c5e5d828baf37dbb6724bc2667,450000000000000000000
0x2a874355c166194601340a74edf9c1e24a912072,600000000000000000000
0x2a874355c166194601340a74edf9c1e24a912072,335000000000000000000
0x1151c997acb214b31a148b24a0b10fb80da9f7a8,285000000000000000000
0x06555b3bb5d39e20250e99229720d35d6be71bfb,450000000000000000000
0x3c232d30c615bbf067d16a5fa669b6da018123e2,560000000000000000000
0x3aa98e89f4c0462f1c6526773db71b26d4495c67,560000000000000000000
0xb64364a93510f8f9dd288a101d24a0b5fc9a0be2,780000000000000000000
0xfb8b9c3cc049a19f9cc37f67a6bcd67e08e886e0,395000000000000000000
0xa9a3fffa9f8ff5f1103091c97e7f847ef1abbce1,670000000000000000000
0xf55b2c5c5229d5486450d07ca2fa5d10eab75c40,945000000000000000000
0xd4714f12df8cadb31a4b783268b622f334be2eae,945000000000000000000
0x55f2ab0adb172239bec98a8e63a09970be108745,395000000000000000000
0x37fe3f243b69c733f7b53a5b4fbbae20ad93e7dd,395000000000000000000
0x501b3f9a8a7572afa97afa6dcd81fcdf80afc5ba,395000000000000000000
0x464703758a7da32da771491858f4eb6332bab66b,340000000000000000000
0x215412356fe6cc43fb7c2f5be0972c1477816b9e,780000000000000000000
0x5bdccd9002d655686412f8d5dee8d4f8652342f1,340000000000000000000
0x34de1a3200d2656a65c5427a41e43035b826d61a,340000000000000000000
0xfb0ebc667f4744832f4ce3adef17c11706d38725,340000000000000000000
0xa1bea2caba37a4ec8338802191598c51413de9ac,340000000000000000000
0x4fe17146c942dc6b07b0d2a7719ae0b791bdcc7e,450000000000000000000
0xa4cae4d3f59a7360b649bb43035c14ced7760d88,560000000000000000000
0xfcaa0d675fedb5c8ef7fb24a5dce8326d77cf2a4,340000000000000000000
0xc45a870732fabdb3411533ccdaf79bf85795aea4,340000000000000000000
0xcfc0cd4ded27d0ddd300c211c02fa4684d022e0c,340000000000000000000
0x4b3a92973a6d199eafc8632b054862fcf834a733,340000000000000000000
0x6e5f45efcb8425e67bc27c73a2fd7bd2a6aed5c4,340000000000000000000
0x4c3063ef2772f3511ef8b03ded4890c7f2ed6b1b,340000000000000000000
0x151d30abfadab62bce50cd21dbb6210e18867b10,2000000000000000000
0x2f5a3592b968333280a64171a4608cd1f3088eea,285000000000000000000
0xf4b83d4cea1e49d5b9aa08d7f2caf22034895bdb,825000000000000000000
0x080b7ef0aa7f2fb9c9a6aed67535e65f49e6dc76,450000000000000000000
0x53ada0107283f9ffc3fbc910feefda909edef0ad,450000000000000000000
0xe2bf99ea3c858ff8eabb070c73e5060535f7b3e8,560000000000000000000
0x7c31dd6dad26cdc4ea8c5498a36d282da86dd101,340000000000000000000
0xe6fbc8e3e9983b7335b86d8818595369a85a3e21,560000000000000000000
0x735f0483a5cc1775c8c39e900399447cb1875aaa,560000000000000000000
0xe5286fc8cc17ebbdb522cecd87d2548b537a8f49,300000000000000000000
0x945ec26f6ad5d3e6d83a8c9bdaa0ceadb6e4a354,1210000000000000000000
0x80801f9b891f1914723dec435085d9be683c0fa7,450000000000000000000
0x808d535e59eefef4bebdf0f90bb8ae1da54ded84,560000000000000000000
0x1286fb974b615488bc1e539a586c1ebc31456144,300000000000000000000
0x1286fb974b615488bc1e539a586c1ebc31456144,260000000000000000000
0x69870da4ae9f55e3527bf3b21c5bf9d865267af6,560000000000000000000
0x37935ef2c7f5e77e0c8e583c725887ec3ba78891,450000000000000000000
0x98df26ba003d312830c58539f4be08d80d931b94,450000000000000000000
0x98df26ba003d312830c58539f4be08d80d931b94,485000000000000000000
0x90fa1a748a470f2126351d7f8964520b2d7bcd2c,500000000000000000000
0x90fa1a748a470f2126351d7f8964520b2d7bcd2c,435000000000000000000
0xe4658b25d5c6d8a5717c7a707b2a48175d4f4cf6,560000000000000000000
0x04b4464a601a14c12f7f37308e8dde82759a25aa,340000000000000000000
0xb586056a5a199a87e0e1aeb8da36612adb7f14fb,560000000000000000000
0x7b03f6d55f6fbf8e2542ee03f362ff70f263d886,560000000000000000000
0x9db82c2c62a829d96a03275d379276945809df24,395000000000000000000
0x4050d65387cdd1629e0157cb1a43ca246b4d350b,395000000000000000000
0x151af19da2feae4ec7373d46bf88058e1028aec1,560000000000000000000
0x894ff79b9e885a77b7b0ad20056b1a080ceba9e1,395000000000000000000
0x953878ffe5d187608dedcb6700639e501b0a6e8c,615000000000000000000
0x2ec8a3675249c66b8fea15fc4e7369073b32b6bd,400000000000000000000
0x2ec8a3675249c66b8fea15fc4e7369073b32b6bd,535000000000000000000
0x6c093b124fee8bfdfed2e6be4a6d2c91e3de9706,390000000000000000000
0x1f44bac06b3d54c8468792a1735f2698f4992296,305000000000000000000
0x1f44bac06b3d54c8468792a1735f2698f4992296,200000000000000000000
0x7af27575bd4e49de9b3644fdc826f85977ab1773,395000000000000000000
0x8268c8d24a87be65343c7d0c7e47837403882b55,540000000000000000000
0x2e38f39de0ff83d943556595b4cf1737078538f1,504000000000000000000
0x8f7f7bccae1f91dc13b497cbcd803bbfd75b6242,560000000000000000000
0x8f19b710d0293098b9569e14eabd116c2e75046a,109000000000000000000
0x150697a144e2b49b2bed12c94f666a2725ffc655,5000000000000000000
0xa476fb8b38c102185e353e110bb08637fb8ce141,560000000000000000000
0xb96f0db31bf6115d9baae01928686ad9925b06ea,527000000000000000000
0xbee04f22f8524660064b4d1c56067307ece3b5e1,560000000000000000000
0x1b113c89cb26aedbb22d62020f1c2d610ae64949,450000000000000000000
0x98659248f2be837ab77bd7c5cb3d7d4c959ae5b5,1295000000000000000000
0xd6a1e28aeccec2e74c5c38e6fffefe7bb35d2156,270000000000000000000
0x1d5c46bebd14a6ecd114700933db52710487fa25,395000000000000000000
0x5fe8336f461ee62de28fb64e2031f05930dbb876,555000000000000000000
0x5fe8336f461ee62de28fb64e2031f05930dbb876,5000000000000000000
0xcdbb121f1dee2e1bea0c5924cb3d60eb77eecb78,395000000000000000000
0xa68521184a96f8faf91f85ec22207faad43567ed,278000000000000000000
0xb2172c9e4cb771d34b89f02cadda83b1a1a7da0d,319000000000000000000
0x98f5fe445c50e2d4227b7331395121b1c5c21799,560000000000000000000
0xa259d5d62a5fe57c527ee30d4ff13762d0d18798,49444444444444500000
0x644369f7b6e9bf9518870f0f0e044b0988dd25b7,335000000000000000000
0x644369f7b6e9bf9518870f0f0e044b0988dd25b7,4000000000000000000
0xe18a92bb99efeb0830b40f23b14483ed6143bf07,150000000000000000000
0x7c5db4e9c156da826c9e7a91dee77d5b84730a14,450000000000000000000
0x6ceb97e5b4a580776d87111bdd980f6557b0cc8c,325000000000000000000
0x29c66f54fe449041555d510afd0c1657fb3624e4,340000000000000000000
0x2cac09997d91b1f586cfcb30012e206855c734d9,490000000000000000000
0x3aa3f3860839c74704f57ef4c9791882d5bc933c,560000000000000000000
0xd6a1e28aeccec2e74c5c38e6fffefe7bb35d2156,70000000000000000000
0xbc1d0b9076fd25927f20b4a33289086ff26c1a16,340000000000000000000
0x15fd820bc65fcc4ad227ad252b4433a657891638,560000000000000000000
0x9845a23fa44fa212600c308701c1c86d6b5c599c,556000000000000000000
0x68b48f18a98cd4eccf544ed0d4ac05b999cb2b4c,250000000000000000000
0x68b48f18a98cd4eccf544ed0d4ac05b999cb2b4c,255000000000000000000
0x22f664c34b8bafec01207448c3740c78fb54022b,340000000000000000000
0x30ef2aca99cefa2e9ef63abd0cd8aed503129539,825000000000000000000
0x681455e13df55b0984aeaaac6d95365666f15825,340000000000000000000
0xf4519970f86af15ae8f1a3ff12e25ee87b659aaf,395000000000000000000
0xa537d862743da2e58684529013c83f7e0f220847,560000000000000000000
0xf5477b2974a1f9f4f6c960e0650a512fb6b5d582,199000000000000000000
0xbd13634f2789e0975780677f00c3a8c873038e48,182000000000000000000
0xb6becd7a6bc331621348b0926d9eaa6634263939,450000000000000000000
0x9e3c962d1aa75997028a8f64588d6359da55b958,450000000000000000000